account_id,account_created_date,card_activation_date,first_topup_date,first_transaction_date,last_transaction_date,account_status,number_of_children,product_type,total_transaction_count,total_transaction_value
284773,2020-07-09T18:00:08.932Z,,,,,UNVERIFIED,0,FDD,0,0.0
319527,2022-02-06T16:40:26.159Z,,2022-02-06T16:40:32.357Z,,,VERIFIED,0,FDD,0,0.0
283936,2020-06-29T13:28:52.815Z,,2020-06-29T13:28:58.415Z,,,VERIFIED,0,FDD,0,0.0
335410,2025-11-30T16:52:54.276Z,,,,,UNVERIFIED,0,,0,0.0
282240,2020-06-04T19:58:52.798Z,,2020-06-04T19:58:57.748Z,,,VERIFIED,0,FDD,0,0.0
290100,2020-09-17T15:09:13.170Z,,2020-09-17T15:09:17.888Z,,,VERIFIED,0,FDD,0,0.0
303800,2021-03-01T18:28:18.255Z,2021-03-05T19:42:18.635Z,2021-03-08T20:59:29.300Z,2021-03-15T02:27:28.000Z,2021-07-14T02:44:09.000Z,VERIFIED,1,FDD,8,78.58
280544,2020-05-04T21:39:17.162Z,2020-05-31T16:34:51.131Z,2020-05-31T16:35:31.576Z,2020-06-09T08:34:12.000Z,2022-09-07T03:05:08.000Z,VERIFIED,2,FDD,49,352.51
296751,2020-12-02T18:58:18.521Z,2020-12-08T13:24:13.163Z,2020-12-08T13:24:34.249Z,2020-12-15T03:37:11.000Z,2025-01-16T00:00:47.000Z,VERIFIED,4,FDD,521,3148.62
323804,2022-09-24T19:23:29.985Z,,,,,UNVERIFIED,0,,0,0.0
275222,2020-01-23T09:26:44.458Z,2020-01-31T06:28:13.564Z,2020-01-31T06:28:43.690Z,2020-02-04T11:15:07.000Z,2020-03-20T00:00:15.000Z,VERIFIED,1,FDD,2,5.0
306224,2021-04-02T09:40:49.419Z,,2021-04-02T09:40:54.737Z,,,VERIFIED,0,FDD,0,0.0
295047,2020-11-10T18:35:39.307Z,2020-11-14T12:47:35.179Z,2020-11-20T07:58:11.585Z,2020-11-23T00:13:23.000Z,2022-02-09T07:14:06.000Z,VERIFIED,2,SDD,324,1928.21
300480,2021-01-17T20:02:15.107Z,2021-02-05T11:32:45.583Z,2021-02-05T11:33:53.653Z,2021-02-15T04:49:21.000Z,2022-01-24T03:03:23.000Z,VERIFIED,1,FDD,20,89.47
330478,2024-06-14T11:27:34.704Z,2024-07-02T13:19:21.480Z,2024-07-11T06:17:02.852Z,2024-09-20T03:20:33.000Z,2026-07-17T09:37:01.000Z,VERIFIED,1,FDD,18,371.81
285548,2020-07-20T20:33:30.442Z,,,,,VERIFIED,0,FDD,0,0.0
328866,2024-01-06T18:38:18.634Z,2024-01-13T07:06:33.793Z,2024-01-13T07:09:09.701Z,2024-01-15T00:55:26.000Z,2026-04-09T02:51:02.000Z,VERIFIED,1,SDD,278,1279.47
292037,2020-10-07T10:57:53.933Z,,2020-10-07T10:58:00.426Z,,,VERIFIED,0,FDD,0,0.0
323290,2022-08-23T14:44:30.434Z,,2022-08-23T14:47:05.353Z,,,VERIFIED,0,FDD,0,0.0
332418,2024-12-06T11:55:57.810Z,,,,,VERIFIED,1,FDD,0,0.0
277491,2020-03-05T14:12:10.340Z,,2020-03-05T14:12:15.973Z,,,VERIFIED,0,FDD,0,0.0
311314,2021-06-27T20:04:37.090Z,,2021-06-27T20:04:41.849Z,,,VERIFIED,0,FDD,0,0.0
336089,2026-04-17T13:14:12.970Z,2026-05-05T09:00:07.646Z,,,,VERIFIED,1,FDD,0,0.0
298847,2020-12-26T16:47:50.248Z,,2020-12-26T16:47:55.955Z,,,VERIFIED,0,FDD,0,0.0
291929,2020-10-05T20:17:34.742Z,2020-10-12T15:05:12.672Z,2020-10-12T19:01:49.954Z,2020-10-13T23:00:12.000Z,2020-10-29T00:22:17.000Z,VERIFIED,1,FDD,6,28.86
292472,2020-10-11T15:41:43.851Z,,,,,VERIFIED,1,SDD,0,0.0
310003,2021-06-05T03:20:40.473Z,,2021-06-05T03:20:45.894Z,,,VERIFIED,0,FDD,0,0.0
287770,2020-08-20T10:02:29.148Z,,,,,UNVERIFIED,0,SDD,0,0.0
316052,2021-10-15T09:55:12.648Z,,2021-10-15T09:55:20.137Z,,,VERIFIED,0,FDD,0,0.0
284063,2020-06-30T20:37:35.526Z,2020-07-08T18:36:54.548Z,2020-07-08T18:37:33.844Z,2020-08-06T02:44:05.000Z,2024-05-06T23:28:37.000Z,VERIFIED,2,FDD,293,2034.64
274370,2020-01-03T10:27:46.089Z,,,,,UNVERIFIED,0,,0,0.0
299041,2020-12-29T15:38:09.410Z,,,,,VERIFIED,0,FDD,0,0.0
326994,2023-07-21T15:41:54.144Z,2023-07-28T12:31:22.739Z,2023-07-28T12:34:09.375Z,2023-07-30T23:59:23.000Z,2023-08-20T23:28:41.000Z,VERIFIED,2,FDD,4,24.5
306664,2021-04-09T18:21:51.147Z,,,,,VERIFIED,0,SDD,0,0.0
276961,2020-02-25T17:27:07.505Z,,2020-04-07T18:26:47.839Z,,,VERIFIED,0,FDD,0,0.0
335752,2026-01-31T20:46:46.080Z,2026-02-06T22:44:08.649Z,2026-02-06T23:01:02.368Z,2026-02-09T00:31:12.000Z,2026-09-14T03:07:24.000Z,VERIFIED,1,FDD,161,1141.63
328459,2023-11-29T10:50:23.097Z,2023-12-07T07:01:41.414Z,2023-12-07T07:26:27.593Z,2023-12-11T00:37:10.000Z,2024-04-09T03:05:06.000Z,VERIFIED,1,FDD,12,69.41
293852,2020-10-26T18:51:31.317Z,,,,,VERIFIED,0,,0,0.0
284272,2020-07-03T20:34:43.169Z,2020-07-24T16:52:20.223Z,2020-07-24T16:52:40.611Z,2020-09-01T23:56:08.000Z,2022-07-11T00:49:11.000Z,VERIFIED,1,FDD,22,685.04
297793,2020-12-16T13:06:30.298Z,,2020-12-16T13:06:36.709Z,,,VERIFIED,0,FDD,0,0.0
296389,2020-11-27T10:40:40.751Z,2020-12-03T10:19:37.447Z,2020-12-09T10:11:16.866Z,2020-12-11T00:56:15.000Z,2022-02-28T09:55:07.000Z,VERIFIED,2,SDD,25,123.2
292424,2020-10-10T19:41:45.474Z,2020-10-15T15:39:55.607Z,2020-10-15T15:40:18.028Z,2020-10-19T00:48:31.000Z,2022-07-18T08:55:12.000Z,VERIFIED,1,FDD,144,964.58
309393,2021-05-23T18:13:41.325Z,,2021-05-23T18:13:49.280Z,,,VERIFIED,0,FDD,0,0.0
294850,2020-11-08T13:43:45.919Z,,2020-11-08T13:43:52.514Z,,,VERIFIED,0,SDD,0,0.0
277381,2020-03-02T19:49:25.743Z,,2020-03-02T19:49:31.981Z,,,VERIFIED,0,FDD,0,0.0
298273,2020-12-21T20:43:01.892Z,,2020-12-21T20:43:07.546Z,,,VERIFIED,0,FDD,0,0.0
280389,2020-04-30T18:14:07.743Z,,2020-04-30T18:14:12.452Z,,,VERIFIED,0,FDD,0,0.0
288918,2020-09-03T09:14:56.968Z,,,,,UNVERIFIED,0,SDD,0,0.0
283331,2020-06-20T14:53:21.524Z,,2020-06-20T14:53:26.901Z,,,VERIFIED,0,FDD,0,0.0
334151,2025-06-21T18:36:52.590Z,,,,,VERIFIED,0,FDD,0,0.0
310165,2021-06-08T07:27:25.040Z,,,,,UNVERIFIED,0,SDD,0,0.0
287336,2020-08-14T13:09:28.301Z,,,,,UNVERIFIED,0,FDD,0,0.0
332570,2024-12-21T12:13:07.121Z,2025-01-01T19:59:42.026Z,2025-01-01T20:02:17.853Z,2025-02-05T11:54:02.000Z,2026-09-14T09:37:01.000Z,VERIFIED,2,FDD,106,486.82
276914,2020-02-24T18:38:11.288Z,2020-02-28T11:35:42.236Z,,,,VERIFIED,1,FDD,0,0.0
276992,2020-02-26T14:20:11.511Z,2020-03-04T17:08:30.394Z,2020-03-07T02:03:22.130Z,2020-03-09T02:22:28.000Z,2020-11-13T03:39:46.000Z,VERIFIED,1,FDD,46,217.22
276352,2020-02-14T17:46:57.073Z,,,,,UNVERIFIED,0,,0,0.0
307388,2021-04-26T06:32:52.701Z,,,,,UNVERIFIED,0,,0,0.0
304729,2021-03-12T16:13:01.976Z,,2021-03-12T16:13:07.089Z,,,VERIFIED,0,SDD,0,0.0
283398,2020-06-21T14:32:27.093Z,,2020-06-21T14:32:32.861Z,,,VERIFIED,0,FDD,0,0.0
301029,2021-01-23T19:04:55.824Z,,2021-01-23T19:05:01.260Z,,,VERIFIED,0,SDD,0,0.0
302411,2021-02-10T12:40:41.307Z,,,,,UNVERIFIED,0,FDD,0,0.0
313843,2021-08-15T11:43:31.725Z,,2021-08-15T11:43:36.725Z,,,VERIFIED,0,SDD,0,0.0
333446,2025-03-16T14:13:49.219Z,,,,,UNVERIFIED,0,,0,0.0
299877,2021-01-09T20:53:02.427Z,2021-01-14T12:56:22.562Z,2021-03-05T13:15:40.345Z,2021-01-15T09:41:08.000Z,2022-03-24T00:42:56.000Z,VERIFIED,1,FDD,197,1129.32
317959,2021-12-15T09:21:48.597Z,,2021-12-15T09:21:53.947Z,,,VERIFIED,0,FDD,0,0.0
279112,2020-04-07T08:54:41.323Z,,2020-04-07T08:54:49.323Z,,,VERIFIED,0,FDD,0,0.0
280944,2020-05-12T19:28:46.606Z,,2020-05-12T19:28:52.087Z,,,VERIFIED,0,FDD,0,0.0
303502,2021-02-25T20:40:01.845Z,2021-03-05T12:31:48.439Z,2021-03-05T12:33:07.369Z,2021-04-05T23:09:23.000Z,2022-05-02T23:29:40.000Z,VERIFIED,1,SDD,80,318.47
336112,2026-04-20T17:13:39.677Z,,,,,UNVERIFIED,0,FDD,0,0.0
314143,2021-08-22T15:59:01.598Z,,,,,UNVERIFIED,0,FDD,0,0.0
332051,2024-11-01T19:37:26.422Z,,,,,UNVERIFIED,0,FDD,0,0.0
282170,2020-06-04T00:35:54.093Z,,,,,VERIFIED,0,FDD,0,0.0
322164,2022-06-17T08:12:56.309Z,,2022-06-17T08:13:53.568Z,,,UNVERIFIED,0,FDD,0,0.0
315310,2021-09-19T09:48:49.855Z,,2021-09-19T09:48:55.555Z,,,VERIFIED,0,FDD,0,0.0
303457,2021-02-25T15:11:16.499Z,2021-03-03T10:27:35.940Z,2021-03-03T10:28:04.780Z,2021-03-04T04:54:11.000Z,2021-03-22T03:32:57.000Z,VERIFIED,1,SDD,10,76.1
301533,2021-01-30T11:39:02.641Z,,2021-01-30T11:39:08.004Z,,,VERIFIED,0,SDD,0,0.0
319583,2022-02-09T15:32:43.385Z,,2022-02-09T15:32:50.227Z,,,VERIFIED,0,FDD,0,0.0
285093,2020-07-15T04:06:32.077Z,2020-07-27T13:48:32.137Z,2020-08-01T01:25:39.195Z,2020-08-04T02:44:07.000Z,2022-05-08T23:58:22.000Z,VERIFIED,2,FDD,173,1109.76
288254,2020-08-26T10:44:48.640Z,,2020-08-26T11:13:30.593Z,,,VERIFIED,0,FDD,0,0.0
336362,2026-06-07T12:02:36.117Z,,,,,UNVERIFIED,0,SDD,0,0.0
324992,2023-01-02T16:10:35.476Z,2023-01-07T12:02:53.476Z,2023-01-07T12:03:59.025Z,2023-01-11T10:09:07.000Z,2023-03-22T09:07:21.000Z,VERIFIED,2,FDD,25,59.47
312401,2021-07-17T11:17:57.784Z,2021-07-23T13:25:09.301Z,2021-07-30T16:22:11.751Z,2021-08-02T00:42:06.000Z,2024-04-30T09:09:52.000Z,VERIFIED,2,FDD,220,1261.29
314511,2021-09-01T13:50:30.835Z,,2021-09-01T13:50:39.314Z,,,VERIFIED,0,FDD,0,0.0
278073,2020-03-15T01:14:20.476Z,,,,,UNVERIFIED,0,FDD,0,0.0
289598,2020-09-10T21:51:13.563Z,,,,,UNVERIFIED,0,SDD,0,0.0
288270,2020-08-26T14:01:28.564Z,,,,,UNVERIFIED,0,SDD,0,0.0
335618,2026-01-09T13:53:27.299Z,,,,,VERIFIED,0,,0,0.0
319893,2022-02-20T22:43:38.705Z,2022-02-25T12:30:30.507Z,2022-02-25T12:30:53.822Z,2022-03-02T09:55:09.000Z,2023-05-02T00:34:11.000Z,VERIFIED,1,FDD,238,1110.31
314709,2021-09-05T18:02:58.511Z,,2021-09-05T18:03:04.606Z,,,VERIFIED,0,FDD,0,0.0
304511,2021-03-10T01:57:25.717Z,2021-03-17T16:13:00.356Z,2021-03-17T16:13:35.601Z,2021-04-06T06:41:26.000Z,2022-09-26T00:51:11.000Z,VERIFIED,2,FDD,336,1508.42
312105,2021-07-11T17:48:42.844Z,,,,,UNVERIFIED,0,SDD,0,0.0
315569,2021-09-28T16:08:47.818Z,,2021-09-28T16:08:54.860Z,,,VERIFIED,0,SDD,0,0.0
302742,2021-02-15T11:12:37.056Z,2021-03-09T13:53:41.000Z,2021-03-09T13:55:02.576Z,2021-04-12T02:59:45.000Z,2022-09-26T08:56:54.000Z,VERIFIED,1,SDD,34,174.06
275770,2020-02-03T13:30:46.206Z,,2020-02-03T13:30:51.307Z,,,VERIFIED,0,FDD,0,0.0
324848,2022-12-23T19:41:06.322Z,,,,,VERIFIED,0,FDD,0,0.0
324700,2022-12-10T16:32:30.375Z,,2022-12-10T16:34:32.698Z,,,VERIFIED,0,FDD,0,0.0
288692,2020-08-31T21:02:27.918Z,,,,,UNVERIFIED,0,,0,0.0
333675,2025-04-20T14:09:31.603Z,,,,,VERIFIED,0,FDD,0,0.0
316418,2021-10-26T00:47:13.480Z,,,,,UNVERIFIED,0,,0,0.0
286874,2020-08-07T21:00:39.652Z,,,,,VERIFIED,0,FDD,0,0.0
