account_id,account_created_date,first_topup_date,first_transaction_date,last_transaction_date,account_status,number_of_children,product_type,total_transaction_count,total_transaction_value,days_to_first_topup,has_first_topup,has_first_transaction,days_to_first_transaction,transaction_value_per_transaction,transaction_activity_span_days,days_from_topup_to_first_transaction,days_from_topup_to_first_transaction_clean,invalid_topup_transaction_sequence,account_creation_year,account_creation_month,account_creation_quarter,customer_lifecycle_stage,transaction_activity_segment,transaction_value_segment
299559,2021-01-05 22:24:22.971000+00:00,2021-01-13 15:10:46.452000+00:00,2021-01-14 09:41:15+00:00,2021-02-01 00:14:11+00:00,VERIFIED,1,FDD,7,58.66,7.0,True,True,8.0,8.379999999999999,17.0,0.0,0.0,False,2021,1,1,Repeat_Transaction,Medium_Activity,Medium_Value
276787,2020-02-22 12:47:31.066000+00:00,2020-03-13 02:05:32.823000+00:00,2020-03-16 02:17:03+00:00,2020-03-16 04:00:13+00:00,VERIFIED,1,FDD,2,20.0,19.0,True,True,22.0,10.0,0.0,3.0,3.0,False,2020,2,1,Repeat_Transaction,Low_Activity,Low_Value
304680,2021-03-11 19:38:24.592000+00:00,2021-03-17 14:30:03.199000+00:00,,,VERIFIED,1,SDD,0,0.0,5.0,True,False,,,,,,False,2021,3,1,Topup_No_Transaction,No_Activity,No_Value
308061,2021-05-05 11:55:40.436000+00:00,,,,VERIFIED,1,FDD,0,0.0,,False,False,,,,,,False,2021,5,2,Created_No_Topup,No_Activity,No_Value
287554,2020-08-17 20:10:20.412000+00:00,2020-09-10 05:55:31.440000+00:00,2020-09-13 23:26:17+00:00,2023-12-22 04:12:07+00:00,VERIFIED,1,FDD,1250,3682.37,23.0,True,True,27.0,2.945896,1194.0,3.0,3.0,False,2020,8,3,Repeat_Transaction,High_Activity,High_Value
329989,2024-04-27 13:21:28.770000+00:00,2024-05-14 18:47:36.677000+00:00,2024-05-19 23:19:31+00:00,2025-05-05 23:02:43+00:00,VERIFIED,2,FDD,80,264.19,17.0,True,True,22.0,3.302375,350.0,5.0,5.0,False,2024,4,2,Repeat_Transaction,High_Activity,High_Value
315100,2021-09-15 10:11:36.314000+00:00,2021-09-24 01:14:39.534000+00:00,2021-09-27 00:47:13+00:00,2023-10-22 23:02:09+00:00,VERIFIED,1,FDD,653,2224.22,8.0,True,True,11.0,3.4061562021439507,755.0,2.0,2.0,False,2021,9,3,Repeat_Transaction,High_Activity,High_Value
332375,2024-12-01 20:50:03.831000+00:00,2024-12-23 21:30:47.445000+00:00,2024-12-27 00:38:35+00:00,2025-05-16 10:05:01+00:00,VERIFIED,1,FDD,81,364.97,22.0,True,True,25.0,4.505802469135803,140.0,3.0,3.0,False,2024,12,4,Repeat_Transaction,High_Activity,High_Value
298878,2020-12-26 20:31:06.749000+00:00,2021-01-23 15:02:38.724000+00:00,2021-01-18 00:16:33+00:00,2021-10-06 08:41:14+00:00,VERIFIED,1,FDD,110,275.8,27.0,True,True,22.0,2.5072727272727278,261.0,-6.0,,True,2020,12,4,Repeat_Transaction,High_Activity,High_Value
322343,2022-06-28 10:04:41.393000+00:00,2022-07-04 18:51:39.335000+00:00,2022-07-11 00:49:11+00:00,2024-03-13 09:27:07+00:00,VERIFIED,2,FDD,9,60.73,6.0,True,True,12.0,6.747777777777777,611.0,6.0,6.0,False,2022,6,2,Repeat_Transaction,Medium_Activity,Medium_Value
290995,2020-09-25 09:45:45.923000+00:00,2020-10-01 16:36:38.464000+00:00,2020-10-04 23:19:14+00:00,2021-12-29 03:22:47+00:00,VERIFIED,2,SDD,26,450.2,6.0,True,True,9.0,17.315384615384616,450.0,3.0,3.0,False,2020,9,3,Repeat_Transaction,High_Activity,High_Value
326831,2023-07-06 07:17:09.251000+00:00,2023-07-16 14:20:52.328000+00:00,2023-07-23 23:51:06+00:00,2023-11-09 04:12:09+00:00,VERIFIED,1,SDD,91,386.65,10.0,True,True,17.0,4.248901098901099,108.0,7.0,7.0,False,2023,7,3,Repeat_Transaction,High_Activity,High_Value
281183,2020-05-17 18:24:53.928000+00:00,2020-06-06 22:59:47.961000+00:00,2020-06-11 23:56:05+00:00,2020-11-17 03:38:34+00:00,VERIFIED,1,SDD,6,96.38,20.0,True,True,25.0,16.063333333333333,158.0,5.0,5.0,False,2020,5,2,Repeat_Transaction,Medium_Activity,Medium_Value
289735,2020-09-12 17:49:21.367000+00:00,2020-09-21 17:18:24.767000+00:00,,,VERIFIED,2,FDD,0,0.0,8.0,True,False,,,,,,False,2020,9,3,Topup_No_Transaction,No_Activity,No_Value
287460,2020-08-16 15:35:10.779000+00:00,,,,VERIFIED,2,FDD,0,0.0,,False,False,,,,,,False,2020,8,3,Created_No_Topup,No_Activity,No_Value
312908,2021-07-27 11:23:14.391000+00:00,2021-08-02 14:50:51.043000+00:00,2021-08-03 02:58:07+00:00,2022-05-29 23:47:40+00:00,VERIFIED,2,FDD,44,256.93,6.0,True,True,6.0,5.839318181818182,299.0,0.0,0.0,False,2021,7,3,Repeat_Transaction,High_Activity,High_Value
333316,2025-02-27 19:11:00.780000+00:00,2025-03-10 18:32:49.550000+00:00,2025-03-11 03:23:01+00:00,2025-04-06 23:38:07+00:00,VERIFIED,1,FDD,10,33.04,10.0,True,True,11.0,3.304,26.0,0.0,0.0,False,2025,2,1,Repeat_Transaction,Medium_Activity,Low_Value
289975,2020-09-15 18:18:03.656000+00:00,2020-09-24 16:08:19.433000+00:00,2020-09-27 23:15:49+00:00,2021-01-25 09:41:05+00:00,VERIFIED,1,FDD,69,337.94,8.0,True,True,12.0,4.89768115942029,119.0,3.0,3.0,False,2020,9,3,Repeat_Transaction,High_Activity,High_Value
285325,2020-07-17 17:43:41.943000+00:00,2020-08-05 20:10:48.601000+00:00,2020-09-14 02:05:30+00:00,2020-10-02 02:37:08+00:00,VERIFIED,1,FDD,11,34.87,19.0,True,True,58.0,3.17,18.0,39.0,39.0,False,2020,7,3,Repeat_Transaction,Medium_Activity,Low_Value
286017,2020-07-27 15:33:32.872000+00:00,2020-08-07 13:40:24.242000+00:00,2020-09-02 08:41:31+00:00,2022-03-09 03:51:59+00:00,VERIFIED,1,FDD,32,202.75,10.0,True,True,36.0,6.3359375,552.0,25.0,25.0,False,2020,7,3,Repeat_Transaction,High_Activity,High_Value
322978,2022-08-01 20:09:24.055000+00:00,2022-08-05 14:09:43.126000+00:00,2022-08-14 23:53:34+00:00,2024-04-22 00:02:35+00:00,VERIFIED,1,FDD,68,229.92,3.0,True,True,13.0,3.381176470588235,616.0,9.0,9.0,False,2022,8,3,Repeat_Transaction,High_Activity,High_Value
288583,2020-08-29 21:10:57.545000+00:00,2020-09-07 15:40:17.495000+00:00,2020-09-14 02:04:55+00:00,2022-07-27 08:55:10+00:00,VERIFIED,2,FDD,117,860.88,8.0,True,True,15.0,7.357948717948718,681.0,6.0,6.0,False,2020,8,3,Repeat_Transaction,High_Activity,High_Value
295047,2020-11-10 18:35:39.307000+00:00,2020-11-20 07:58:11.585000+00:00,2020-11-23 00:13:23+00:00,2022-02-09 07:14:06+00:00,VERIFIED,2,SDD,324,1928.21,9.0,True,True,12.0,5.951265432098766,443.0,2.0,2.0,False,2020,11,4,Repeat_Transaction,High_Activity,High_Value
333508,2025-03-24 16:38:02.644000+00:00,2025-04-03 17:28:15.173000+00:00,2025-04-04 03:33:01+00:00,2026-09-13 23:31:45+00:00,VERIFIED,1,FDD,32,356.71,10.0,True,True,10.0,11.1471875,527.0,0.0,0.0,False,2025,3,1,Repeat_Transaction,High_Activity,High_Value
281891,2020-05-30 11:28:58.427000+00:00,2020-06-09 13:21:28.030000+00:00,2020-06-11 23:56:05+00:00,2023-12-11 00:53:59+00:00,VERIFIED,1,FDD,101,744.29,10.0,True,True,12.0,7.369207920792078,1277.0,2.0,2.0,False,2020,5,2,Repeat_Transaction,High_Activity,High_Value
331261,2024-08-26 17:30:30.324000+00:00,,,,VERIFIED,1,FDD,0,0.0,,False,False,,,,,,False,2024,8,3,Created_No_Topup,No_Activity,No_Value
279362,2020-04-10 18:43:44.275000+00:00,2020-04-22 16:41:34.776000+00:00,2020-04-23 23:45:05+00:00,2020-07-27 00:51:17+00:00,VERIFIED,1,SDD,2,8.0,11.0,True,True,13.0,4.0,94.0,1.0,1.0,False,2020,4,2,Repeat_Transaction,Low_Activity,Low_Value
274517,2020-01-05 22:12:47.490000+00:00,,,,VERIFIED,1,FDD,0,0.0,,False,False,,,,,,False,2020,1,1,Created_No_Topup,No_Activity,No_Value
311069,2021-06-23 18:22:24.989000+00:00,2021-07-03 13:22:59.963000+00:00,2021-07-07 02:58:07+00:00,2021-09-20 02:25:25+00:00,VERIFIED,2,SDD,80,421.53,9.0,True,True,13.0,5.269125,74.0,3.0,3.0,False,2021,6,2,Repeat_Transaction,High_Activity,High_Value
319210,2022-01-26 15:56:13.735000+00:00,2022-02-01 21:00:45.006000+00:00,2022-02-13 03:10:15+00:00,2023-06-26 03:05:06+00:00,VERIFIED,2,FDD,32,530.19,6.0,True,True,17.0,16.5684375,497.0,11.0,11.0,False,2022,1,1,Repeat_Transaction,High_Activity,High_Value
297980,2020-12-18 17:18:45.703000+00:00,2021-01-26 14:00:07.912000+00:00,2021-01-27 00:56:15+00:00,2026-05-22 02:51:01+00:00,VERIFIED,3,FDD,425,4998.82,38.0,True,True,39.0,11.761929411764704,1941.0,0.0,0.0,False,2020,12,4,Repeat_Transaction,High_Activity,High_Value
289866,2020-09-14 16:23:58.641000+00:00,2020-09-28 01:18:12.911000+00:00,2020-10-12 01:13:36+00:00,2020-10-21 08:34:58+00:00,VERIFIED,2,SDD,8,39.59,13.0,True,True,27.0,4.94875,9.0,13.0,13.0,False,2020,9,3,Repeat_Transaction,Medium_Activity,Low_Value
290487,2020-09-20 11:56:59.250000+00:00,2020-09-25 16:49:33.209000+00:00,2020-09-27 23:17:58+00:00,2025-03-26 00:49:16+00:00,VERIFIED,1,FDD,904,5191.47,5.0,True,True,7.0,5.742776548672567,1640.0,2.0,2.0,False,2020,9,3,Repeat_Transaction,High_Activity,High_Value
285214,2020-07-16 13:33:37.802000+00:00,2020-09-06 15:44:08.275000+00:00,2020-09-08 08:41:21+00:00,2025-09-07 23:48:47+00:00,VERIFIED,2,FDD,2041,3347.64,52.0,True,True,53.0,1.6401959823615877,1825.0,1.0,1.0,False,2020,7,3,Repeat_Transaction,High_Activity,High_Value
328909,2024-01-10 22:34:10.834000+00:00,2024-01-17 15:57:52.112000+00:00,2024-01-19 10:09:06+00:00,2024-03-18 00:37:50+00:00,VERIFIED,3,SDD,19,66.07,6.0,True,True,8.0,3.477368421052631,58.0,1.0,1.0,False,2024,1,1,Repeat_Transaction,Medium_Activity,Medium_Value
331446,2024-09-08 18:30:16.148000+00:00,2024-09-13 19:01:05.220000+00:00,2024-09-16 00:01:25+00:00,2025-07-30 10:26:01+00:00,VERIFIED,1,FDD,59,409.99,5.0,True,True,7.0,6.948983050847458,317.0,2.0,2.0,False,2024,9,3,Repeat_Transaction,High_Activity,High_Value
278157,2020-03-17 16:56:46.258000+00:00,2020-04-10 09:38:28.654000+00:00,2020-04-19 23:57:30+00:00,2023-02-09 00:01:39+00:00,VERIFIED,2,FDD,164,1019.0,23.0,True,True,33.0,6.213414634146342,1025.0,9.0,9.0,False,2020,3,1,Repeat_Transaction,High_Activity,High_Value
283976,2020-06-30 05:05:29.342000+00:00,2020-07-09 15:53:56.108000+00:00,2020-07-09 23:42:12+00:00,2021-05-16 23:53:55+00:00,VERIFIED,1,SDD,78,613.51,9.0,True,True,9.0,7.86551282051282,311.0,0.0,0.0,False,2020,6,2,Repeat_Transaction,High_Activity,High_Value
316944,2021-11-13 19:21:53.514000+00:00,2021-11-18 21:12:18.387000+00:00,2021-11-29 00:54:56+00:00,2022-01-24 01:12:40+00:00,VERIFIED,2,FDD,13,159.29,5.0,True,True,15.0,12.253076923076922,56.0,10.0,10.0,False,2021,11,4,Repeat_Transaction,Medium_Activity,Medium_Value
317870,2021-12-12 09:46:05.661000+00:00,2022-06-05 15:55:07.679000+00:00,2022-06-07 00:10:54+00:00,2023-01-03 09:55:07+00:00,VERIFIED,1,FDD,109,250.0,175.0,True,True,176.0,2.293577981651376,210.0,1.0,1.0,False,2021,12,4,Repeat_Transaction,High_Activity,High_Value
315761,2021-10-04 19:48:34.557000+00:00,2021-10-09 11:59:12.459000+00:00,2021-10-27 02:51:06+00:00,2023-11-06 10:44:09+00:00,VERIFIED,1,FDD,68,477.22,4.0,True,True,22.0,7.017941176470589,740.0,17.0,17.0,False,2021,10,4,Repeat_Transaction,High_Activity,High_Value
303678,2021-02-27 16:35:58.700000+00:00,,2022-01-11 00:02:36+00:00,2022-01-11 00:02:36+00:00,VERIFIED,1,SDD,1,3.69,,False,True,317.0,3.69,0.0,,,False,2021,2,1,Created_No_Topup,Low_Activity,Low_Value
282872,2020-06-13 15:32:56.636000+00:00,2020-07-03 15:50:24.332000+00:00,2020-08-12 02:44:12+00:00,2021-04-28 02:44:08+00:00,VERIFIED,3,FDD,149,899.72,20.0,True,True,59.0,6.038389261744967,258.0,39.0,39.0,False,2020,6,2,Repeat_Transaction,High_Activity,High_Value
276921,2020-02-24 19:39:24.940000+00:00,2020-03-03 21:32:05.418000+00:00,2020-03-09 02:22:28+00:00,2020-12-29 00:00:05+00:00,VERIFIED,1,FDD,99,510.01,8.0,True,True,13.0,5.151616161616161,294.0,5.0,5.0,False,2020,2,1,Repeat_Transaction,High_Activity,High_Value
299902,2021-01-10 12:09:26.300000+00:00,2021-02-06 12:06:47.283000+00:00,2021-02-18 03:44:06+00:00,2021-10-29 00:14:11+00:00,VERIFIED,1,FDD,16,113.75,26.0,True,True,38.0,7.109375,252.0,11.0,11.0,False,2021,1,1,Repeat_Transaction,Medium_Activity,Medium_Value
286546,2020-08-03 12:35:51.383000+00:00,2020-08-15 11:34:52.408000+00:00,2020-08-23 23:15:01+00:00,2021-08-17 08:34:16+00:00,VERIFIED,1,SDD,50,477.62,11.0,True,True,20.0,9.5524,358.0,8.0,8.0,False,2020,8,3,Repeat_Transaction,High_Activity,High_Value
281786,2020-05-28 16:06:43.905000+00:00,2020-06-13 13:06:50.471000+00:00,2020-06-16 23:35:33+00:00,2020-08-06 02:44:05+00:00,VERIFIED,1,SDD,12,28.24,15.0,True,True,19.0,2.353333333333333,50.0,3.0,3.0,False,2020,5,2,Repeat_Transaction,Medium_Activity,Low_Value
280950,2020-05-12 22:48:04.334000+00:00,2020-06-05 00:57:11.018000+00:00,2020-06-10 02:37:09+00:00,2020-11-11 00:50:03+00:00,VERIFIED,1,SDD,3,146.92,23.0,True,True,28.0,48.97333333333333,153.0,5.0,5.0,False,2020,5,2,Repeat_Transaction,Low_Activity,Medium_Value
301141,2021-01-25 14:09:30.549000+00:00,,,,VERIFIED,2,FDD,0,0.0,,False,False,,,,,,False,2021,1,1,Created_No_Topup,No_Activity,No_Value
290742,2020-09-23 11:26:30.945000+00:00,2020-09-29 10:35:06.251000+00:00,2020-09-30 23:00:12+00:00,2021-09-06 02:08:42+00:00,VERIFIED,1,FDD,74,613.3,5.0,True,True,7.0,8.287837837837838,340.0,1.0,1.0,False,2020,9,3,Repeat_Transaction,High_Activity,High_Value
326509,2023-06-04 09:18:03.498000+00:00,2023-06-10 19:57:59.250000+00:00,2023-06-13 03:06:18+00:00,2026-09-13 23:13:11+00:00,VERIFIED,1,FDD,445,1519.83,6.0,True,True,8.0,3.4153483146067414,1188.0,2.0,2.0,False,2023,6,2,Repeat_Transaction,High_Activity,High_Value
313141,2021-07-31 18:14:08.863000+00:00,2021-08-07 08:39:40.466000+00:00,2021-08-09 02:07:46+00:00,2026-09-14 09:37:01+00:00,VERIFIED,2,SDD,584,5807.88,6.0,True,True,8.0,9.945,1862.0,1.0,1.0,False,2021,7,3,Repeat_Transaction,High_Activity,High_Value
285430,2020-07-19 06:42:29.633000+00:00,2020-07-30 09:36:29.685000+00:00,2020-08-13 23:42:05+00:00,2022-04-01 00:10:51+00:00,VERIFIED,1,FDD,41,507.82,11.0,True,True,25.0,12.385853658536584,595.0,14.0,14.0,False,2020,7,3,Repeat_Transaction,High_Activity,High_Value
301460,2021-01-29 12:07:03.195000+00:00,2021-02-11 12:21:07.910000+00:00,2021-03-09 00:56:17+00:00,2023-10-17 09:47:48+00:00,VERIFIED,1,FDD,117,687.51,13.0,True,True,38.0,5.876153846153846,952.0,25.0,25.0,False,2021,1,1,Repeat_Transaction,High_Activity,High_Value
315323,2021-09-19 14:39:42.625000+00:00,2021-09-24 11:08:24.350000+00:00,2021-10-05 08:41:07+00:00,2022-05-06 03:05:15+00:00,VERIFIED,1,SDD,12,83.21,4.0,True,True,15.0,6.934166666666666,212.0,10.0,10.0,False,2021,9,3,Repeat_Transaction,Medium_Activity,Medium_Value
291261,2020-09-27 19:42:27.561000+00:00,,,,VERIFIED,2,FDD,0,0.0,,False,False,,,,,,False,2020,9,3,Created_No_Topup,No_Activity,No_Value
319785,2022-02-16 18:27:23.892000+00:00,2022-02-24 13:59:10.366000+00:00,2022-02-25 03:58:10+00:00,2023-10-15 23:28:22+00:00,VERIFIED,2,FDD,105,753.45,7.0,True,True,8.0,7.175714285714286,597.0,0.0,0.0,False,2022,2,1,Repeat_Transaction,High_Activity,High_Value
275957,2020-02-07 11:56:43.899000+00:00,2020-02-13 18:52:37.800000+00:00,2020-05-27 23:42:15+00:00,2021-02-15 02:15:45+00:00,VERIFIED,1,SDD,10,149.46,6.0,True,True,110.0,14.946000000000002,263.0,104.0,104.0,False,2020,2,1,Repeat_Transaction,Medium_Activity,Medium_Value
287611,2020-08-18 13:59:36.115000+00:00,2020-09-03 10:21:39.845000+00:00,2020-09-04 02:37:13+00:00,2026-04-13 00:17:17+00:00,VERIFIED,3,FDD,351,2614.73,15.0,True,True,16.0,7.44937321937322,2046.0,0.0,0.0,False,2020,8,3,Repeat_Transaction,High_Activity,High_Value
277770,2020-03-09 17:13:14.023000+00:00,2020-03-13 13:21:00.239000+00:00,2020-03-26 02:45:05+00:00,2021-02-10 09:41:06+00:00,VERIFIED,1,SDD,44,1178.39,3.0,True,True,16.0,26.781590909090912,321.0,12.0,12.0,False,2020,3,1,Repeat_Transaction,High_Activity,High_Value
276424,2020-02-15 16:00:38.720000+00:00,2020-02-20 18:25:48.837000+00:00,2021-10-25 23:03:08+00:00,2023-09-20 08:55:06+00:00,VERIFIED,1,FDD,75,280.69,5.0,True,True,618.0,3.742533333333333,694.0,613.0,613.0,False,2020,2,1,Repeat_Transaction,High_Activity,High_Value
315519,2021-09-26 11:07:04.967000+00:00,2021-10-04 10:29:27.723000+00:00,2021-10-06 23:03:09+00:00,2022-09-06 08:55:09+00:00,VERIFIED,1,FDD,274,751.74,7.0,True,True,10.0,2.7435766423357664,334.0,2.0,2.0,False,2021,9,3,Repeat_Transaction,High_Activity,High_Value
297725,2020-12-15 13:21:05.738000+00:00,2020-12-23 11:24:23.368000+00:00,2021-01-04 02:09:50+00:00,2022-06-06 01:30:33+00:00,VERIFIED,2,SDD,290,1155.31,7.0,True,True,19.0,3.983827586206896,517.0,11.0,11.0,False,2020,12,4,Repeat_Transaction,High_Activity,High_Value
287373,2020-08-15 10:59:21.663000+00:00,2020-09-01 14:50:48.126000+00:00,2020-09-02 02:37:13+00:00,2020-09-20 23:11:45+00:00,VERIFIED,1,FDD,6,27.12,17.0,True,True,17.0,4.5200000000000005,18.0,0.0,0.0,False,2020,8,3,Repeat_Transaction,Medium_Activity,Low_Value
287958,2020-08-21 21:43:14.409000+00:00,2020-09-06 20:00:27.697000+00:00,2020-09-09 08:41:08+00:00,2025-10-12 23:25:35+00:00,VERIFIED,1,FDD,248,1197.1,15.0,True,True,18.0,4.827016129032257,1859.0,2.0,2.0,False,2020,8,3,Repeat_Transaction,High_Activity,High_Value
299009,2020-12-29 10:10:02.666000+00:00,2021-01-07 12:18:14.816000+00:00,2021-01-22 01:07:53+00:00,2021-08-12 23:49:13+00:00,VERIFIED,1,SDD,18,113.0,9.0,True,True,23.0,6.277777777777778,202.0,14.0,14.0,False,2020,12,4,Repeat_Transaction,Medium_Activity,Medium_Value
323751,2022-09-21 09:12:22.702000+00:00,,,,VERIFIED,1,FDD,0,0.0,,False,False,,,,,,False,2022,9,3,Created_No_Topup,No_Activity,No_Value
277341,2020-03-01 22:30:17.950000+00:00,2020-03-05 14:44:31.537000+00:00,2020-03-06 03:45:07+00:00,2022-09-19 23:27:43+00:00,VERIFIED,1,FDD,111,718.8,3.0,True,True,4.0,6.475675675675675,927.0,0.0,0.0,False,2020,3,1,Repeat_Transaction,High_Activity,High_Value
289467,2020-09-09 18:21:22.852000+00:00,2020-09-23 17:14:22.341000+00:00,2020-10-21 02:37:06+00:00,2023-09-21 03:30:01+00:00,VERIFIED,1,FDD,577,1341.81,13.0,True,True,41.0,2.325493934142114,1065.0,27.0,27.0,False,2020,9,3,Repeat_Transaction,High_Activity,High_Value
303451,2021-02-25 14:57:05.759000+00:00,2021-03-31 16:19:00.524000+00:00,2021-04-08 02:37:18+00:00,2021-04-15 23:49:06+00:00,VERIFIED,1,FDD,5,9.73,34.0,True,True,41.0,1.946,7.0,7.0,7.0,False,2021,2,1,Repeat_Transaction,Low_Activity,Low_Value
334407,2025-07-21 13:46:10.691000+00:00,2025-07-31 09:21:35.925000+00:00,2025-08-01 03:40:01+00:00,2025-08-26 09:37:01+00:00,VERIFIED,3,FDD,24,100.14,9.0,True,True,10.0,4.1725,25.0,0.0,0.0,False,2025,7,3,Repeat_Transaction,High_Activity,Medium_Value
280594,2020-05-05 15:05:41.232000+00:00,2020-05-16 08:44:53.092000+00:00,2020-05-18 00:37:03+00:00,2020-09-01 00:16:14+00:00,VERIFIED,3,FDD,27,107.8,10.0,True,True,12.0,3.992592592592593,105.0,1.0,1.0,False,2020,5,2,Repeat_Transaction,High_Activity,Medium_Value
333022,2025-01-31 11:36:15.737000+00:00,2025-02-08 20:02:02.528000+00:00,2025-02-11 00:00:40+00:00,2025-12-03 01:38:32+00:00,VERIFIED,2,FDD,71,364.76,8.0,True,True,10.0,5.1374647887323945,295.0,2.0,2.0,False,2025,1,1,Repeat_Transaction,High_Activity,High_Value
288016,2020-08-22 18:37:42.446000+00:00,2020-09-11 08:44:17.352000+00:00,2020-09-13 23:23:35+00:00,2021-08-19 00:11:32+00:00,VERIFIED,1,FDD,63,337.9,19.0,True,True,22.0,5.363492063492063,339.0,2.0,2.0,False,2020,8,3,Repeat_Transaction,High_Activity,High_Value
327452,2023-09-01 17:09:46.875000+00:00,,,,VERIFIED,1,FDD,0,0.0,,False,False,,,,,,False,2023,9,3,Created_No_Topup,No_Activity,No_Value
324300,2022-11-01 22:13:04.685000+00:00,2022-11-14 01:14:46.550000+00:00,2022-11-23 04:12:08+00:00,2024-10-15 00:52:01+00:00,VERIFIED,2,FDD,110,352.72,12.0,True,True,21.0,3.206545454545455,691.0,9.0,9.0,False,2022,11,4,Repeat_Transaction,High_Activity,High_Value
335898,2026-03-01 15:50:11.345000+00:00,2026-03-04 19:27:34.806000+00:00,2026-03-06 10:27:20+00:00,2026-09-13 23:14:59+00:00,VERIFIED,2,FDD,121,1008.94,3.0,True,True,4.0,8.338347107438016,191.0,1.0,1.0,False,2026,3,1,Repeat_Transaction,High_Activity,High_Value
284698,2020-07-08 18:27:20.479000+00:00,,,,VERIFIED,4,FDD,0,0.0,,False,False,,,,,,False,2020,7,3,Created_No_Topup,No_Activity,No_Value
294347,2020-11-01 20:33:31.420000+00:00,2020-11-06 16:06:58.251000+00:00,2020-11-09 03:34:30+00:00,2023-03-30 02:51:06+00:00,VERIFIED,1,FDD,341,1428.71,4.0,True,True,7.0,4.189765395894428,870.0,2.0,2.0,False,2020,11,4,Repeat_Transaction,High_Activity,High_Value
331388,2024-09-04 05:36:23.413000+00:00,,,,UNVERIFIED,1,FDD,0,0.0,,False,False,,,,,,False,2024,9,3,Created_No_Topup,No_Activity,No_Value
306809,2021-04-11 20:49:10.546000+00:00,2021-04-15 12:10:41.573000+00:00,2021-04-19 09:37:17+00:00,2021-07-05 01:54:24+00:00,VERIFIED,1,FDD,3,4.23,3.0,True,True,7.0,1.41,76.0,3.0,3.0,False,2021,4,2,Repeat_Transaction,Low_Activity,Low_Value
289675,2020-09-12 09:04:10.467000+00:00,,,,VERIFIED,2,FDD,0,0.0,,False,False,,,,,,False,2020,9,3,Created_No_Topup,No_Activity,No_Value
336588,2026-07-28 11:21:46.748000+00:00,2026-08-01 10:28:02.074000+00:00,2026-08-16 23:31:44+00:00,2026-08-18 09:41:01+00:00,VERIFIED,1,FDD,3,14.7,3.0,True,True,19.0,4.9,1.0,15.0,15.0,False,2026,7,3,Repeat_Transaction,Low_Activity,Low_Value
277473,2020-03-04 19:44:02.050000+00:00,2020-03-11 18:53:41.501000+00:00,2020-06-11 08:41:08+00:00,2024-04-17 03:26:07+00:00,VERIFIED,2,FDD,92,1331.14,6.0,True,True,98.0,14.468913043478262,1405.0,91.0,91.0,False,2020,3,1,Repeat_Transaction,High_Activity,High_Value
312795,2021-07-25 12:28:05.853000+00:00,,,,UNVERIFIED,2,FDD,0,0.0,,False,False,,,,,,False,2021,7,3,Created_No_Topup,No_Activity,No_Value
329476,2024-03-12 17:07:00.868000+00:00,,,,UNVERIFIED,2,FDD,0,0.0,,False,False,,,,,,False,2024,3,1,Created_No_Topup,No_Activity,No_Value
327457,2023-09-02 12:08:13.884000+00:00,2023-09-07 15:35:20.430000+00:00,2023-09-10 23:16:13+00:00,2024-07-11 12:25:06+00:00,VERIFIED,1,FDD,47,217.98,5.0,True,True,8.0,4.637872340425532,304.0,3.0,3.0,False,2023,9,3,Repeat_Transaction,High_Activity,High_Value
323221,2022-08-19 13:18:10.869000+00:00,,,,VERIFIED,1,FDD,0,0.0,,False,False,,,,,,False,2022,8,3,Created_No_Topup,No_Activity,No_Value
278754,2020-03-31 04:30:23.363000+00:00,,2020-05-26 00:13:30+00:00,2020-05-26 00:13:30+00:00,VERIFIED,1,FDD,1,20.0,,False,True,55.0,20.0,0.0,,,False,2020,3,1,Created_No_Topup,Low_Activity,Low_Value
285124,2020-07-15 13:33:50.010000+00:00,2020-07-25 11:21:14.426000+00:00,2020-07-27 00:51:17+00:00,2020-07-27 00:51:17+00:00,VERIFIED,1,FDD,1,10.0,9.0,True,True,11.0,10.0,0.0,1.0,1.0,False,2020,7,3,First_Transaction,Low_Activity,Low_Value
300426,2021-01-17 07:48:03.464000+00:00,2021-01-29 13:12:59.087000+00:00,2021-02-01 00:13:13+00:00,2021-09-10 02:51:18+00:00,VERIFIED,1,FDD,7,14.52,12.0,True,True,14.0,2.0742857142857143,221.0,2.0,2.0,False,2021,1,1,Repeat_Transaction,Medium_Activity,Low_Value
283327,2020-06-20 14:20:54.895000+00:00,2020-07-16 16:05:50.174000+00:00,2020-08-05 02:37:17+00:00,2022-09-30 08:55:47+00:00,VERIFIED,1,FDD,249,1296.29,26.0,True,True,45.0,5.205983935742972,786.0,19.0,19.0,False,2020,6,2,Repeat_Transaction,High_Activity,High_Value
294075,2020-10-29 17:09:23.543000+00:00,2020-11-05 15:07:26.298000+00:00,2020-11-09 09:34:56+00:00,2021-10-29 00:14:11+00:00,VERIFIED,4,FDD,29,151.19,6.0,True,True,10.0,5.213448275862069,353.0,3.0,3.0,False,2020,10,4,Repeat_Transaction,High_Activity,Medium_Value
310516,2021-06-14 18:32:11.962000+00:00,2021-06-20 12:27:57.469000+00:00,2021-06-28 05:16:52+00:00,2023-03-31 09:16:30+00:00,VERIFIED,1,FDD,394,1656.39,5.0,True,True,13.0,4.204035532994924,641.0,7.0,7.0,False,2021,6,2,Repeat_Transaction,High_Activity,High_Value
275483,2020-01-29 07:18:32.952000+00:00,2020-02-22 08:38:14.707000+00:00,2020-07-12 23:19:18+00:00,2022-10-19 08:55:27+00:00,VERIFIED,1,FDD,171,793.88,24.0,True,True,165.0,4.642573099415205,828.0,141.0,141.0,False,2020,1,1,Repeat_Transaction,High_Activity,High_Value
310667,2021-06-17 19:16:01.791000+00:00,2021-07-01 16:05:08.057000+00:00,2021-07-02 00:14:02+00:00,2021-07-30 08:41:10+00:00,VERIFIED,1,FDD,3,28.79,13.0,True,True,14.0,9.596666666666666,28.0,0.0,0.0,False,2021,6,2,Repeat_Transaction,Low_Activity,Low_Value
331557,2024-09-15 12:31:12.610000+00:00,2024-09-22 08:52:03.713000+00:00,2024-10-07 10:26:01+00:00,2026-07-28 09:23:00+00:00,VERIFIED,1,FDD,30,457.91,6.0,True,True,21.0,15.263666666666667,658.0,15.0,15.0,False,2024,9,3,Repeat_Transaction,High_Activity,High_Value
293093,2020-10-18 09:33:55.891000+00:00,2020-10-23 08:54:02.868000+00:00,2020-10-26 00:17:17+00:00,2020-11-23 02:04:29+00:00,VERIFIED,2,FDD,26,234.54,4.0,True,True,7.0,9.02076923076923,28.0,2.0,2.0,False,2020,10,4,Repeat_Transaction,High_Activity,High_Value
298261,2020-12-21 19:48:38.761000+00:00,2021-01-01 15:14:11.283000+00:00,2021-01-11 00:14:09+00:00,2024-10-09 01:06:01+00:00,VERIFIED,1,FDD,382,2781.5,10.0,True,True,20.0,7.281413612565445,1367.0,9.0,9.0,False,2020,12,4,Repeat_Transaction,High_Activity,High_Value
290087,2020-09-17 11:34:50.895000+00:00,2020-09-28 13:48:49.152000+00:00,2020-09-30 08:41:07+00:00,2021-01-05 09:41:08+00:00,VERIFIED,1,FDD,16,87.36,11.0,True,True,12.0,5.46,97.0,1.0,1.0,False,2020,9,3,Repeat_Transaction,Medium_Activity,Medium_Value
